Country,Area,Bedrooms,AssumedSizeSqm,CityCount,MedianMonthlyRentUSD,MedianPricePerSqmUSD,MedianEstimatedPurchasePriceUSD,MedianGrossRentalYieldPct
Albania,City Centre,1,50,1,847.91,4453.47,222673.5,4.5694
Albania,City Centre,3,110,1,1571.33,4453.47,489881.7,3.8491
Albania,Outside of Centre,1,50,1,492.06,2201.76,110088.0,5.3636
Albania,Outside of Centre,3,110,1,923.84,2201.76,242193.6,4.5774
Algeria,City Centre,1,50,1,166.99,2554.79,127739.5,1.5687
Algeria,City Centre,3,110,1,448.16,2554.79,281026.9,1.9137
Algeria,Outside of Centre,1,50,1,132.23,1373.25,68662.5,2.311
Algeria,Outside of Centre,3,110,1,244.77,1373.25,151057.5,1.9445
Argentina,City Centre,1,50,1,749.39,2672.67,133633.5,6.7294
Argentina,City Centre,3,110,1,1575.25,2672.67,293993.7,6.4297
Argentina,Outside of Centre,1,50,1,542.94,1871.33,93566.5,6.9633
Argentina,Outside of Centre,3,110,1,1281.7,1871.33,205846.3,7.4718
Armenia,City Centre,1,50,1,902.56,3469.53,173476.5,6.2433
Armenia,City Centre,3,110,1,1520.58,3469.53,381648.3,4.7811
Armenia,Outside of Centre,1,50,1,649.13,1547.87,77393.5,10.0649
Armenia,Outside of Centre,3,110,1,897.04,1547.87,170265.7,6.3222
Australia,City Centre,1,50,7,1942.59,10222.25,511112.5,5.52
Australia,City Centre,3,110,7,3281.11,10222.25,1124447.5,3.638
Australia,Outside of Centre,1,50,7,1480.47,7012.81,350640.5,5.0616
Australia,Outside of Centre,3,110,7,2404.33,7012.81,771409.1,4.0278
Austria,City Centre,1,50,4,832.76,5824.21,291210.5,3.417
Austria,City Centre,3,110,4,1511.75,5824.21,640663.1,2.8352
Austria,Outside of Centre,1,50,4,735.51,3442.11,172105.5,5.0106
Austria,Outside of Centre,3,110,4,1313.08,3442.11,378632.1,3.8893
Azerbaijan,City Centre,1,50,1,541.8,2244.08,112204.0,5.7944
Azerbaijan,City Centre,3,110,1,1029.41,2244.08,246848.8,5.0042
Azerbaijan,Outside of Centre,1,50,1,322.06,1329.93,66496.5,5.8119
Azerbaijan,Outside of Centre,3,110,1,531.67,1329.93,146292.3,4.3612
Bahrain,City Centre,1,50,1,993.8,2617.57,130878.5,9.112
Bahrain,City Centre,3,110,1,2059.97,2617.57,287932.7,8.5852
Bahrain,Outside of Centre,1,50,1,645.62,1959.87,97993.5,7.9061
Bahrain,Outside of Centre,3,110,1,1378.77,1959.87,215585.7,7.6746
Bangladesh,City Centre,1,50,2,139.81,1215.59,60779.25,3.0283
Bangladesh,City Centre,3,110,2,347.87,1215.59,133714.35,3.2341
Bangladesh,Outside of Centre,1,50,2,67.55,613.02,30651.25,2.7365
Bangladesh,Outside of Centre,3,110,2,191.2,613.02,67432.75,3.4852
Belarus,City Centre,1,50,1,565.25,2535.36,126768.0,5.3507
Belarus,City Centre,3,110,1,993.41,2535.36,278889.6,4.2744
Belarus,Outside of Centre,1,50,1,379.56,1659.95,82997.5,5.4878
Belarus,Outside of Centre,3,110,1,705.69,1659.95,182594.5,4.6378
Belgium,City Centre,1,50,2,1216.76,4822.19,241109.75,6.0283
Belgium,City Centre,3,110,2,2090.83,4822.19,530441.45,4.6878
Belgium,Outside of Centre,1,50,2,1013.19,3529.87,176493.5,6.8474
Belgium,Outside of Centre,3,110,2,1711.79,3529.87,388285.7,5.2384
Bosnia and Herzegovina,City Centre,1,50,2,467.94,3153.89,157694.5,3.5796
Bosnia and Herzegovina,City Centre,3,110,2,884.38,3153.89,346927.9,3.0319
Bosnia and Herzegovina,Outside of Centre,1,50,2,316.5,2165.07,108253.25,3.5538
Bosnia and Herzegovina,Outside of Centre,3,110,2,547.38,2165.07,238157.15,2.7636
Brazil,City Centre,1,50,12,500.58,2424.89,121244.75,5.4648
Brazil,City Centre,3,110,12,950.38,2424.89,266738.45,4.9188
Brazil,Outside of Centre,1,50,12,291.53,1468.53,73426.5,5.699
Brazil,Outside of Centre,3,110,12,627.85,1468.53,161538.3,4.9206
Bulgaria,City Centre,1,50,5,544.05,2568.99,128449.5,4.848
Bulgaria,City Centre,3,110,5,898.03,2568.99,282588.9,3.8025
Bulgaria,Outside of Centre,1,50,5,422.06,1883.41,94170.5,5.3782
Bulgaria,Outside of Centre,3,110,5,670.0,1883.41,207175.1,4.0785
Cambodia,City Centre,1,50,1,630.0,2906.46,145323.0,5.2022
Cambodia,City Centre,3,110,1,1144.48,2906.46,319710.6,4.2957
Cambodia,Outside of Centre,1,50,1,360.69,1509.5,75475.0,5.7347
Cambodia,Outside of Centre,3,110,1,806.58,1509.5,166045.0,5.8291
Canada,City Centre,1,50,19,1314.57,3913.24,195662.0,8.2605
Canada,City Centre,3,110,19,2106.7,3913.24,430456.4,5.9476
Canada,Outside of Centre,1,50,19,1151.94,3437.74,171887.0,7.6188
Canada,Outside of Centre,3,110,19,1727.47,3437.74,378151.4,5.5329
Chile,City Centre,1,50,1,570.34,2696.19,134809.5,5.0769
Chile,City Centre,3,110,1,1067.75,2696.19,296580.9,4.3202
Chile,Outside of Centre,1,50,1,388.84,2631.91,131595.5,3.5458
Chile,Outside of Centre,3,110,1,799.07,2631.91,289510.1,3.3121
China,City Centre,1,50,13,485.91,5048.32,252416.0,2.396
China,City Centre,3,110,13,875.98,5048.32,555315.2,2.2657
China,Outside of Centre,1,50,13,265.1,3145.56,157278.0,2.262
China,Outside of Centre,3,110,13,546.99,3145.56,346011.6,2.1349
Colombia,City Centre,1,50,2,885.91,3431.64,171582.25,6.1861
Colombia,City Centre,3,110,2,1571.28,3431.64,377480.95,4.9772
Colombia,Outside of Centre,1,50,2,532.18,1916.75,95837.5,6.9912
Colombia,Outside of Centre,3,110,2,991.37,1916.75,210842.5,5.7701
Costa Rica,City Centre,1,50,1,947.9,2281.02,114051.0,9.9734
Costa Rica,City Centre,3,110,1,1887.82,2281.02,250912.2,9.0286
Costa Rica,Outside of Centre,1,50,1,766.88,1815.83,90791.5,10.1359
Costa Rica,Outside of Centre,3,110,1,1304.31,1815.83,199741.3,7.836
Croatia,City Centre,1,50,3,884.9,5190.52,259526.0,4.0362
Croatia,City Centre,3,110,3,1484.35,5190.52,570957.2,3.1197
Croatia,Outside of Centre,1,50,3,672.24,4013.53,200676.5,3.5708
Croatia,Outside of Centre,3,110,3,1060.56,4013.53,441488.3,2.9115
Cyprus,City Centre,1,50,4,1027.33,4121.16,206058.25,6.1543
Cyprus,City Centre,3,110,4,1934.25,4121.16,453328.15,5.2312
Cyprus,Outside of Centre,1,50,4,854.77,2438.31,121915.25,8.1796
Cyprus,Outside of Centre,3,110,4,1632.97,2438.31,268213.55,6.5305
Czech Republic,City Centre,1,50,3,999.76,6525.84,326292.0,3.4994
Czech Republic,City Centre,3,110,3,1545.28,6525.84,717842.4,2.51
Czech Republic,Outside of Centre,1,50,3,815.68,5463.44,273172.0,3.5831
Czech Republic,Outside of Centre,3,110,3,1231.09,5463.44,600978.4,2.4582
Denmark,City Centre,1,50,3,1312.9,7767.22,388361.0,4.0567
Denmark,City Centre,3,110,3,2308.09,7767.22,854394.2,3.2417
Denmark,Outside of Centre,1,50,3,992.14,5337.11,266855.5,4.4615
Denmark,Outside of Centre,3,110,3,1796.24,5337.11,587082.1,3.6715
Dominican Republic,City Centre,1,50,1,728.39,2232.79,111639.5,7.8294
Dominican Republic,City Centre,3,110,1,1457.09,2232.79,245606.9,7.1191
Dominican Republic,Outside of Centre,1,50,1,354.06,1185.76,59288.0,7.1662
Dominican Republic,Outside of Centre,3,110,1,631.87,1185.76,130433.6,5.8133
Ecuador,City Centre,1,50,2,491.39,1493.73,74686.5,8.1768
Ecuador,City Centre,3,110,2,819.94,1493.73,164310.3,6.0089
Ecuador,Outside of Centre,1,50,2,348.27,776.08,38804.0,10.7568
Ecuador,Outside of Centre,3,110,2,564.51,776.08,85368.8,7.9721
Egypt,City Centre,1,50,1,221.7,828.2,41410.0,6.4245
Egypt,City Centre,3,110,1,537.36,828.2,91102.0,7.0781
Egypt,Outside of Centre,1,50,1,198.25,531.64,26582.0,8.9497
Egypt,Outside of Centre,3,110,1,344.02,531.64,58480.4,7.0592
El Salvador,City Centre,1,50,1,898.99,2778.06,138903.0,7.7665
El Salvador,City Centre,3,110,1,1810.0,2778.06,305586.6,7.1076
El Salvador,Outside of Centre,1,50,1,770.0,1824.25,91212.5,10.1302
El Salvador,Outside of Centre,3,110,1,1360.0,1824.25,200667.5,8.1329
Estonia,City Centre,1,50,1,828.17,4903.55,245177.5,4.0534
Estonia,City Centre,3,110,1,1524.31,4903.55,539390.5,3.3912
Estonia,Outside of Centre,1,50,1,585.89,3267.0,163350.0,4.3041
Estonia,Outside of Centre,3,110,1,979.34,3267.0,359370.0,3.2702
Finland,City Centre,1,50,4,1036.9,5967.55,298377.25,4.1356
Finland,City Centre,3,110,4,2018.43,5967.55,656429.95,3.5718
Finland,Outside of Centre,1,50,4,844.43,3843.81,192190.5,5.3111
Finland,Outside of Centre,3,110,4,1521.02,3843.81,422819.1,4.3639
France,City Centre,1,50,10,922.21,5956.29,297814.5,3.8979
France,City Centre,3,110,10,1678.37,5956.29,655191.9,3.1602
France,Outside of Centre,1,50,10,735.14,3676.39,183819.75,4.824
France,Outside of Centre,3,110,10,1240.76,3676.39,404403.45,3.7967
Georgia,City Centre,1,50,2,584.88,2077.36,103868.25,6.7675
Georgia,City Centre,3,110,2,1110.32,2077.36,228510.15,5.8154
Georgia,Outside of Centre,1,50,2,400.97,1320.16,66008.0,7.2677
Georgia,Outside of Centre,3,110,2,798.81,1320.16,145217.6,6.57
Germany,City Centre,1,50,19,979.1,6703.18,335159.0,3.7456
Germany,City Centre,3,110,19,1848.59,6703.18,737349.8,3.3142
Germany,Outside of Centre,1,50,19,748.74,4053.41,202670.5,4.5222
Germany,Outside of Centre,3,110,19,1387.3,4053.41,445875.1,3.8472
Greece,City Centre,1,50,4,634.81,3897.23,194861.25,4.2581
Greece,City Centre,3,110,4,1107.87,3897.23,428694.75,3.4364
Greece,Outside of Centre,1,50,4,494.35,2874.5,143725.0,4.4789
Greece,Outside of Centre,3,110,4,923.35,2874.5,316195.0,3.8245
Hong Kong,City Centre,1,50,1,2247.93,29582.86,1479143.0,1.8237
Hong Kong,City Centre,3,110,1,5142.15,29582.86,3254114.6,1.8962
Hong Kong,Outside of Centre,1,50,1,1681.67,17869.71,893485.5,2.2586
Hong Kong,Outside of Centre,3,110,1,3375.49,17869.71,1965668.1,2.0607
Hungary,City Centre,1,50,2,741.68,4465.05,223252.25,4.2244
Hungary,City Centre,3,110,2,1438.7,4465.05,491154.95,3.7158
Hungary,Outside of Centre,1,50,2,568.0,3364.45,168222.75,4.0937
Hungary,Outside of Centre,3,110,2,1099.78,3364.45,370090.05,3.6199
Iceland,City Centre,1,50,1,2508.96,8064.89,403244.5,7.4663
Iceland,City Centre,3,110,1,3468.81,8064.89,887137.9,4.6921
Iceland,Outside of Centre,1,50,1,2051.54,6379.14,318957.0,7.7184
Iceland,Outside of Centre,3,110,1,2747.3,6379.14,701705.4,4.6982
India,City Centre,1,50,16,210.41,1364.07,68203.75,2.942
India,City Centre,3,110,16,471.94,1364.07,150048.25,3.5011
India,Outside of Centre,1,50,16,125.57,654.19,32709.75,3.784
India,Outside of Centre,3,110,16,286.86,654.19,71961.45,4.3499
Indonesia,City Centre,1,50,1,366.69,3011.6,150580.0,2.9222
Indonesia,City Centre,3,110,1,1156.52,3011.6,331276.0,4.1893
Indonesia,Outside of Centre,1,50,1,197.8,1452.22,72611.0,3.2689
Indonesia,Outside of Centre,3,110,1,564.66,1452.22,159744.2,4.2417
Iran,City Centre,1,50,1,421.88,1274.44,63722.0,7.9448
Iran,City Centre,3,110,1,978.46,1274.44,140188.4,8.3755
Iran,Outside of Centre,1,50,1,251.67,725.37,36268.5,8.3269
Iran,Outside of Centre,3,110,1,622.5,725.37,79790.7,9.362
Iraq,City Centre,1,50,1,575.06,4669.0,233450.0,2.956
Iraq,City Centre,3,110,1,946.19,4669.0,513590.0,2.2108
Iraq,Outside of Centre,1,50,1,351.66,1584.03,79201.5,5.3281
Iraq,Outside of Centre,3,110,1,680.9,1584.03,174243.3,4.6893
Ireland,City Centre,1,50,2,2346.86,7110.64,355531.75,8.5488
Ireland,City Centre,3,110,2,3910.52,7110.64,782169.85,6.3002
Ireland,Outside of Centre,1,50,2,2044.25,4488.95,224447.75,11.6471
Ireland,Outside of Centre,3,110,2,3170.82,4488.95,493785.05,8.2049
Israel,City Centre,1,50,3,1893.69,20318.6,1015930.0,2.6132
Israel,City Centre,3,110,3,3704.6,20318.6,2235046.0,1.9793
Israel,Outside of Centre,1,50,3,1300.24,9130.09,456504.5,3.1335
Israel,Outside of Centre,3,110,3,1919.22,9130.09,1004309.9,2.2212
Italy,City Centre,1,50,20,897.13,3791.69,189584.75,5.7268
Italy,City Centre,3,110,20,1661.42,3791.69,417086.45,4.5431
Italy,Outside of Centre,1,50,20,672.86,2259.14,112957.25,6.6154
Italy,Outside of Centre,3,110,20,1131.29,2259.14,248505.95,5.1185
Japan,City Centre,1,50,1,1255.84,8727.49,436374.5,3.4535
Japan,City Centre,3,110,1,2473.88,8727.49,960023.9,3.0923
Japan,Outside of Centre,1,50,1,678.66,4200.9,210045.0,3.8772
Japan,Outside of Centre,3,110,1,1368.71,4200.9,462099.0,3.5543
Jordan,City Centre,1,50,1,463.25,1615.59,80779.5,6.8817
Jordan,City Centre,3,110,1,764.2,1615.59,177714.9,5.1602
Jordan,Outside of Centre,1,50,1,244.77,1019.28,50964.0,5.7634
Jordan,Outside of Centre,3,110,1,420.78,1019.28,112120.8,4.5035
Kazakhstan,City Centre,1,50,2,689.86,2053.38,102668.75,8.1967
Kazakhstan,City Centre,3,110,2,1314.48,2053.38,225871.25,7.1884
Kazakhstan,Outside of Centre,1,50,2,450.77,1329.04,66452.0,8.1603
Kazakhstan,Outside of Centre,3,110,2,850.23,1329.04,146194.4,7.0341
Kenya,City Centre,1,50,1,429.78,1321.19,66059.5,7.8071
Kenya,City Centre,3,110,1,1134.96,1321.19,145330.9,9.3714
Kenya,Outside of Centre,1,50,1,217.33,900.47,45023.5,5.7924
Kenya,Outside of Centre,3,110,1,503.87,900.47,99051.7,6.1043
Kosovo,City Centre,1,50,1,395.98,2628.59,131429.5,3.6154
Kosovo,City Centre,3,110,1,672.14,2628.59,289144.9,2.7895
Kosovo,Outside of Centre,1,50,1,287.74,1478.54,73927.0,4.6707
Kosovo,Outside of Centre,3,110,1,506.28,1478.54,162639.4,3.7355
Kuwait,City Centre,1,50,1,929.03,5293.6,264680.0,4.212
Kuwait,City Centre,3,110,1,1998.56,5293.6,582296.0,4.1186
Kuwait,Outside of Centre,1,50,1,638.51,2378.15,118907.5,6.4438
Kuwait,Outside of Centre,3,110,1,1341.94,2378.15,261596.5,6.1558
Kyrgyzstan,City Centre,1,50,1,591.59,1778.75,88937.5,7.9821
Kyrgyzstan,City Centre,3,110,1,1079.47,1778.75,195662.5,6.6204
Kyrgyzstan,Outside of Centre,1,50,1,408.13,1204.45,60222.5,8.1324
Kyrgyzstan,Outside of Centre,3,110,1,704.97,1204.45,132489.5,6.3851
Latvia,City Centre,1,50,1,590.64,3124.5,156225.0,4.5368
Latvia,City Centre,3,110,1,1173.21,3124.5,343695.0,4.0962
Latvia,Outside of Centre,1,50,1,392.61,2196.84,109842.0,4.2892
Latvia,Outside of Centre,3,110,1,735.98,2196.84,241652.4,3.6547
Lebanon,City Centre,1,50,1,943.8,3975.56,198778.0,5.6976
Lebanon,City Centre,3,110,1,2212.73,3975.56,437311.6,6.0718
Lebanon,Outside of Centre,1,50,1,496.22,1834.56,91728.0,6.4916
Lebanon,Outside of Centre,3,110,1,1071.2,1834.56,201801.6,6.3698
Lithuania,City Centre,1,50,3,656.41,3742.98,187149.0,4.2089
Lithuania,City Centre,3,110,3,977.01,3742.98,411727.8,2.8131
Lithuania,Outside of Centre,1,50,3,467.63,2443.12,122156.0,4.5938
Lithuania,Outside of Centre,3,110,3,689.65,2443.12,268743.2,3.3062
Luxembourg,City Centre,1,50,1,2266.73,12810.79,640539.5,4.2465
Luxembourg,City Centre,3,110,1,3670.91,12810.79,1409186.9,3.126
Luxembourg,Outside of Centre,1,50,1,2028.85,8515.42,425771.0,5.7181
Luxembourg,Outside of Centre,3,110,1,3107.35,8515.42,936696.2,3.9808
Malaysia,City Centre,1,50,2,504.5,3133.67,156683.5,3.9884
Malaysia,City Centre,3,110,2,878.99,3133.67,344703.7,3.014
Malaysia,Outside of Centre,1,50,2,298.97,1290.37,64518.5,5.5023
Malaysia,Outside of Centre,3,110,2,520.72,1290.37,141940.7,4.3788
Malta,City Centre,1,50,1,1785.79,5485.75,274287.5,7.8128
Malta,City Centre,3,110,1,2976.31,5485.75,603432.5,5.9188
Malta,Outside of Centre,1,50,1,1240.76,3615.72,180786.0,8.2358
Malta,Outside of Centre,3,110,1,2429.51,3615.72,397729.2,7.3301
Mexico,City Centre,1,50,6,890.99,2803.44,140172.25,6.8387
Mexico,City Centre,3,110,6,1639.87,2803.44,308378.95,5.9971
Mexico,Outside of Centre,1,50,6,550.22,1673.23,83661.5,8.4287
Mexico,Outside of Centre,3,110,6,1029.71,1673.23,184055.3,7.0059
Moldova,City Centre,1,50,1,690.63,2696.19,134809.5,6.1476
Moldova,City Centre,3,110,1,1248.93,2696.19,296580.9,5.0533
Moldova,Outside of Centre,1,50,1,442.56,1952.49,97624.5,5.4399
Moldova,Outside of Centre,3,110,1,814.29,1952.49,214773.9,4.5497
Mongolia,City Centre,1,50,1,581.83,1930.56,96528.0,7.2331
Mongolia,City Centre,3,110,1,1665.47,1930.56,212361.6,9.4111
Mongolia,Outside of Centre,1,50,1,444.5,957.9,47895.0,11.1369
Mongolia,Outside of Centre,3,110,1,1001.46,957.9,105369.0,11.4052
Montenegro,City Centre,1,50,1,656.31,3125.19,156259.5,5.0402
Montenegro,City Centre,3,110,1,1321.86,3125.19,343770.9,4.6142
Montenegro,Outside of Centre,1,50,1,506.25,2336.43,116821.5,5.2002
Montenegro,Outside of Centre,3,110,1,988.28,2336.43,257007.3,4.6144
Morocco,City Centre,1,50,2,558.18,2155.84,107791.75,6.1996
Morocco,City Centre,3,110,2,1081.84,2155.84,237141.85,5.4836
Morocco,Outside of Centre,1,50,2,316.74,1238.72,61935.75,6.1159
Morocco,Outside of Centre,3,110,2,676.11,1238.72,136258.65,5.9741
Nepal,City Centre,1,50,1,221.51,2299.67,114983.5,2.3117
Nepal,City Centre,3,110,1,431.77,2299.67,252963.7,2.0482
Nepal,Outside of Centre,1,50,1,102.1,1327.62,66381.0,1.8457
Nepal,Outside of Centre,3,110,1,198.54,1327.62,146038.2,1.6314
Netherlands,City Centre,1,50,7,1914.43,6548.51,327425.5,6.3754
Netherlands,City Centre,3,110,7,2950.14,6548.51,720336.1,4.5305
Netherlands,Outside of Centre,1,50,7,1515.49,4916.8,245840.0,7.0634
Netherlands,Outside of Centre,3,110,7,2317.87,4916.8,540848.0,4.7019
New Zealand,City Centre,1,50,3,1236.2,6741.94,337097.0,4.4006
New Zealand,City Centre,3,110,3,2178.82,6741.94,741613.4,3.3592
New Zealand,Outside of Centre,1,50,3,1161.16,3631.79,181589.5,7.6733
New Zealand,Outside of Centre,3,110,3,1717.42,3631.79,399496.9,5.1587
Nigeria,City Centre,1,50,1,717.88,3222.72,161136.0,5.3461
Nigeria,City Centre,3,110,1,2821.03,3222.72,354499.2,9.5493
Nigeria,Outside of Centre,1,50,1,420.82,1619.99,80999.5,6.2344
Nigeria,Outside of Centre,3,110,1,1514.26,1619.99,178198.9,10.1971
North Macedonia,City Centre,1,50,1,429.78,2726.14,136307.0,3.7836
North Macedonia,City Centre,3,110,1,741.53,2726.14,299875.4,2.9674
North Macedonia,Outside of Centre,1,50,1,334.94,1852.25,92612.5,4.3399
North Macedonia,Outside of Centre,3,110,1,513.05,1852.25,203747.5,3.0217
Norway,City Centre,1,50,4,1586.35,7134.31,356715.5,5.015
Norway,City Centre,3,110,4,2547.32,7134.31,784774.1,3.5084
Norway,Outside of Centre,1,50,4,1285.75,5202.83,260141.25,5.5597
Norway,Outside of Centre,3,110,4,1879.47,5202.83,572310.75,3.7907
Oman,City Centre,1,50,1,671.01,2840.65,142032.5,5.6692
Oman,City Centre,3,110,1,1355.02,2840.65,312471.5,5.2038
Oman,Outside of Centre,1,50,1,454.62,1621.31,81065.5,6.7297
Oman,Outside of Centre,3,110,1,842.14,1621.31,178344.1,5.6664
Pakistan,City Centre,1,50,4,181.24,1090.06,54502.75,4.0568
Pakistan,City Centre,3,110,4,387.18,1090.06,119906.05,3.996
Pakistan,Outside of Centre,1,50,4,83.21,555.64,27782.0,3.7448
Pakistan,Outside of Centre,3,110,4,212.75,555.64,61120.4,3.9323
Panama,City Centre,1,50,1,1315.0,3125.83,156291.5,10.0965
Panama,City Centre,3,110,1,2116.88,3125.83,343841.3,7.3879
Panama,Outside of Centre,1,50,1,912.89,1697.58,84879.0,12.9062
Panama,Outside of Centre,3,110,1,1464.17,1697.58,186733.8,9.4091
Paraguay,City Centre,1,50,1,611.96,1746.67,87333.5,8.4086
Paraguay,City Centre,3,110,1,1028.94,1746.67,192133.7,6.4264
Paraguay,Outside of Centre,1,50,1,370.03,1228.89,61444.5,7.2266
Paraguay,Outside of Centre,3,110,1,625.33,1228.89,135177.9,5.5512
Peru,City Centre,1,50,1,764.8,2450.44,122522.0,7.4906
Peru,City Centre,3,110,1,1248.07,2450.44,269548.4,5.5563
Peru,Outside of Centre,1,50,1,342.31,1385.44,69272.0,5.9298
Peru,Outside of Centre,3,110,1,653.96,1385.44,152398.4,5.1493
Philippines,City Centre,1,50,1,540.78,4397.87,219893.5,2.9511
Philippines,City Centre,3,110,1,1910.27,4397.87,483765.7,4.7385
Philippines,Outside of Centre,1,50,1,281.91,2515.35,125767.5,2.6898
Philippines,Outside of Centre,3,110,1,667.26,2515.35,276688.5,2.8939
Poland,City Centre,1,50,8,833.89,4151.29,207564.5,4.5545
Poland,City Centre,3,110,8,1345.66,4151.29,456641.9,3.7501
Poland,Outside of Centre,1,50,8,651.95,2869.5,143475.0,5.306
Poland,Outside of Centre,3,110,8,989.77,2869.5,315645.0,3.7809
Portugal,City Centre,1,50,3,1316.88,5239.33,261966.5,6.0323
Portugal,City Centre,3,110,3,2299.42,5239.33,576326.3,4.7877
Portugal,Outside of Centre,1,50,3,972.57,3929.69,196484.5,6.5291
Portugal,Outside of Centre,3,110,3,1672.75,3929.69,432265.9,4.9149
Qatar,City Centre,1,50,1,1960.32,4108.91,205445.5,11.4502
Qatar,City Centre,3,110,1,3464.98,4108.91,451980.1,9.1995
Qatar,Outside of Centre,1,50,1,1206.19,2421.41,121070.5,11.9552
Qatar,Outside of Centre,3,110,1,2322.17,2421.41,266355.1,10.462
Romania,City Centre,1,50,8,584.41,2825.89,141294.25,4.7795
Romania,City Centre,3,110,8,994.43,2825.89,310847.35,3.4493
Romania,Outside of Centre,1,50,8,450.28,2040.8,102040.0,4.7046
Romania,Outside of Centre,3,110,8,712.3,2040.8,224488.0,3.5724
Russia,City Centre,1,50,3,767.34,4364.49,218224.5,4.2195
Russia,City Centre,3,110,3,1604.19,4364.49,480093.9,3.196
Russia,Outside of Centre,1,50,3,451.7,2756.96,137848.0,4.0623
Russia,Outside of Centre,3,110,3,925.75,2756.96,303265.6,3.4859
Saudi Arabia,City Centre,1,50,2,972.19,2352.87,117643.5,10.047
Saudi Arabia,City Centre,3,110,2,1768.39,2352.87,258815.7,8.2556
Saudi Arabia,Outside of Centre,1,50,2,680.45,1541.02,77051.0,10.6979
Saudi Arabia,Outside of Centre,3,110,2,1039.73,1541.02,169512.2,7.5
Serbia,City Centre,1,50,3,501.51,3628.23,181411.5,3.6555
Serbia,City Centre,3,110,3,993.34,3628.23,399105.3,2.9867
Serbia,Outside of Centre,1,50,3,409.72,2697.63,134881.5,3.6452
Serbia,Outside of Centre,3,110,3,784.94,2697.63,296739.3,3.1743
Singapore,City Centre,1,50,1,2989.78,23153.32,1157666.0,3.0991
Singapore,City Centre,3,110,1,5769.36,23153.32,2546865.2,2.7183
Singapore,Outside of Centre,1,50,1,2163.74,16785.1,839255.0,3.0938
Singapore,Outside of Centre,3,110,1,3910.32,16785.1,1846361.0,2.5414
Slovakia,City Centre,1,50,2,1021.84,5247.4,262369.75,4.843
Slovakia,City Centre,3,110,2,1801.68,5247.4,577213.45,3.9314
Slovakia,Outside of Centre,1,50,2,776.27,3483.91,174195.75,5.4616
Slovakia,Outside of Centre,3,110,2,1279.23,3483.91,383230.65,4.1124
Slovenia,City Centre,1,50,2,847.56,4928.92,246446.0,4.1555
Slovenia,City Centre,3,110,2,1577.12,4928.92,542181.2,3.495
Slovenia,Outside of Centre,1,50,2,696.3,3713.72,185686.0,4.5565
Slovenia,Outside of Centre,3,110,2,1113.19,3713.72,408509.2,3.2869
South Africa,City Centre,1,50,4,496.92,955.23,47761.5,12.3828
South Africa,City Centre,3,110,4,1014.79,955.23,105075.3,10.6257
South Africa,Outside of Centre,1,50,4,424.16,736.41,36820.75,13.8284
South Africa,Outside of Centre,3,110,4,837.73,736.41,81005.65,12.2949
South Korea,City Centre,1,50,1,869.88,28472.67,1423633.5,
South Korea,City Centre,3,110,1,2431.52,28472.67,3131993.7,
South Korea,Outside of Centre,1,50,1,608.36,11494.5,574725.0,1.2702
South Korea,Outside of Centre,3,110,1,1260.22,11494.5,1264395.0,1.196
Spain,City Centre,1,50,12,1149.45,4819.82,240990.75,5.8929
Spain,City Centre,3,110,12,2039.89,4819.82,530179.65,4.49
Spain,Outside of Centre,1,50,12,951.16,2513.35,125667.25,8.5444
Spain,Outside of Centre,3,110,12,1615.66,2513.35,276467.95,5.7272
Sri Lanka,City Centre,1,50,1,608.4,3693.69,184684.5,3.9531
Sri Lanka,City Centre,3,110,1,1498.81,3693.69,406305.9,4.4266
Sri Lanka,Outside of Centre,1,50,1,271.65,1183.13,59156.5,5.5105
Sri Lanka,Outside of Centre,3,110,1,431.69,1183.13,130144.3,3.9804
Sweden,City Centre,1,50,3,1045.91,6277.67,313883.5,3.9986
Sweden,City Centre,3,110,3,1813.55,6277.67,690543.7,3.1515
Sweden,Outside of Centre,1,50,3,931.55,3504.75,175237.5,6.0414
Sweden,Outside of Centre,3,110,3,1409.16,3504.75,385522.5,4.3862
Switzerland,City Centre,1,50,6,2176.8,18611.53,930576.5,2.706
Switzerland,City Centre,3,110,6,3951.08,18611.53,2047268.3,2.3693
Switzerland,Outside of Centre,1,50,6,1652.59,14731.67,736583.5,2.9866
Switzerland,Outside of Centre,3,110,6,3064.23,14731.67,1620483.7,2.5288
Taiwan,City Centre,1,50,2,648.86,8512.37,425618.5,1.9245
Taiwan,City Centre,3,110,2,1272.53,8512.37,936360.7,1.8524
Taiwan,Outside of Centre,1,50,2,383.26,5433.44,271672.0,1.8207
Taiwan,Outside of Centre,3,110,2,820.54,5433.44,597678.4,1.8502
Tajikistan,City Centre,1,50,1,627.28,1295.35,64767.5,11.6221
Tajikistan,City Centre,3,110,1,880.15,1295.35,142488.5,7.4124
Tajikistan,Outside of Centre,1,50,1,352.34,703.89,35194.5,12.0135
Tajikistan,Outside of Centre,3,110,1,557.95,703.89,77427.9,8.6473
Thailand,City Centre,1,50,2,635.48,4336.65,216832.25,4.093
Thailand,City Centre,3,110,2,1763.78,4336.65,477030.95,5.0087
Thailand,Outside of Centre,1,50,2,367.78,2325.88,116294.25,4.4624
Thailand,Outside of Centre,3,110,2,759.37,2325.88,255847.35,4.1338
Tunisia,City Centre,1,50,1,376.74,1494.98,74749.0,6.0481
Tunisia,City Centre,3,110,1,597.33,1494.98,164447.8,4.3588
Tunisia,Outside of Centre,1,50,1,247.91,771.93,38596.5,7.7077
Tunisia,Outside of Centre,3,110,1,401.99,771.93,84912.3,5.681
Turkey,City Centre,1,50,5,734.58,2112.88,105644.0,8.344
Turkey,City Centre,3,110,5,1148.37,2112.88,232416.8,7.0048
Turkey,Outside of Centre,1,50,5,532.38,1309.19,65459.5,9.7596
Turkey,Outside of Centre,3,110,5,803.29,1309.19,144010.9,7.4061
Ukraine,City Centre,1,50,4,380.99,1396.28,69814.25,5.6072
Ukraine,City Centre,3,110,4,706.35,1396.28,153591.35,5.4039
Ukraine,Outside of Centre,1,50,4,233.21,828.46,41423.25,6.7502
Ukraine,Outside of Centre,3,110,4,440.23,828.46,91131.15,5.4369
United Arab Emirates,City Centre,1,50,2,2181.37,5991.81,299590.25,8.85
United Arab Emirates,City Centre,3,110,2,4227.45,5991.81,659098.55,7.8377
United Arab Emirates,Outside of Centre,1,50,2,1439.89,3413.24,170662.0,10.334
United Arab Emirates,Outside of Centre,3,110,2,2845.61,3413.24,375456.4,9.2879
United Kingdom,City Centre,1,50,15,1602.35,5413.82,270691.0,6.7528
United Kingdom,City Centre,3,110,15,2778.02,5413.82,595520.2,4.9561
United Kingdom,Outside of Centre,1,50,15,1192.72,4629.35,231467.5,6.3601
United Kingdom,Outside of Centre,3,110,15,1986.4,4629.35,509228.5,4.9528
United States,City Centre,1,50,66,1768.13,4089.97,204498.5,10.621
United States,City Centre,3,110,66,3096.72,4089.97,449896.7,8.1401
United States,Outside of Centre,1,50,66,1378.15,2527.41,126370.75,13.0849
United States,Outside of Centre,3,110,66,2215.98,2527.41,278015.65,9.8981
Uruguay,City Centre,1,50,1,737.29,3461.35,173067.5,5.1122
Uruguay,City Centre,3,110,1,1177.68,3461.35,380748.5,3.7117
Uruguay,Outside of Centre,1,50,1,584.54,1890.38,94519.0,7.4212
Uruguay,Outside of Centre,3,110,1,962.46,1890.38,207941.8,5.5542
Uzbekistan,City Centre,1,50,1,603.59,1651.21,82560.5,8.7731
Uzbekistan,City Centre,3,110,1,1194.8,1651.21,181633.1,7.8937
Uzbekistan,Outside of Centre,1,50,1,376.84,950.97,47548.5,9.5105
Uzbekistan,Outside of Centre,3,110,1,730.59,950.97,104606.7,8.381
Vietnam,City Centre,1,50,2,495.42,4693.68,234684.0,2.5265
Vietnam,City Centre,3,110,2,1061.42,4693.68,516304.8,2.4604
Vietnam,Outside of Centre,1,50,2,292.36,2342.87,117143.5,3.1383
Vietnam,Outside of Centre,3,110,2,628.62,2342.87,257715.7,3.1345
Zimbabwe,City Centre,1,50,1,405.56,926.21,46310.5,10.5089
Zimbabwe,City Centre,3,110,1,838.89,926.21,101883.1,9.8806
Zimbabwe,Outside of Centre,1,50,1,316.6,391.32,19566.0,19.4174
Zimbabwe,Outside of Centre,3,110,1,748.89,391.32,43045.2,20.8773
