Rank,City,Apartment (1 bedroom) in City Centre,Apartment (1 bedroom) Outside of Centre,Apartment (3 bedrooms) in City Centre,Apartment (3 bedrooms) Outside of Centre,Price per Square Meter to Buy Apartment in City Centre,Price per Square Meter to Buy Apartment Outside of Centre
,"Lagos, Nigeria",717.88,420.82,2821.03,1514.26,3222.72,1619.99
,"Colombo, Sri Lanka",608.4,271.65,1498.81,431.69,3693.69,1183.13
,"Bangkok, Thailand",686.82,351.99,2030.69,753.85,6121.14,3183.91
,"Hanoi, Vietnam",404.88,282.4,866.88,537.06,4619.65,2807.08
,"Hong Kong, Hong Kong (China)",2247.93,1681.67,5142.15,3375.49,29582.86,17869.71
,"Manila, Philippines",540.78,281.91,1910.27,667.26,4397.87,2515.35
,"Kathmandu, Nepal",221.51,102.1,431.77,198.54,2299.67,1327.62
,"Phnom Penh, Cambodia",630.0,360.69,1144.48,806.58,2906.46,1509.5
,"Ho Chi Minh City, Vietnam",585.96,302.32,1255.97,720.17,4767.71,1878.66
,"San Salvador, El Salvador",898.99,770.0,1810.0,1360.0,2778.06,1824.25
,"Algiers, Algeria",166.99,132.23,448.16,244.77,2554.79,1373.25
,"Taipei, Taiwan",889.07,484.86,1560.36,960.34,12423.46,7690.76
,"Seoul, South Korea",869.88,608.36,2431.52,1260.22,28472.67,11494.5
,"Shenzhen, China",765.15,474.28,1832.82,853.57,13402.44,6372.64
,"Xiamen, China",348.63,265.1,825.27,546.99,8519.89,4735.34
,"Shanghai, China",982.22,555.98,2449.11,1203.1,13625.43,6082.43
,"Beijing, China",950.26,526.6,2334.19,1125.65,12509.36,6277.0
,"Mumbai, India",632.17,360.27,1909.34,843.06,6048.71,2445.61
,"Baghdad, Iraq",575.06,351.66,946.19,680.9,4669.0,1584.03
,"Jakarta, Indonesia",366.69,197.8,1156.52,564.66,3011.6,1452.22
,"Dhaka, Bangladesh",153.14,73.89,435.51,217.25,1633.84,756.68
,"Guangzhou, China",538.58,279.02,1307.5,472.86,8672.08,3409.38
,"Rawalpindi, Pakistan",200.32,82.85,434.25,225.56,1155.66,515.62
,"Singapore, Singapore",2989.78,2163.74,5769.36,3910.32,23153.32,16785.1
,"Tehran, Iran",421.88,251.67,978.46,622.5,1274.44,725.37
,"Medellin, Colombia",1037.0,640.42,1858.12,1009.26,3984.13,1647.9
,"Pattaya, Thailand",584.14,383.57,1496.86,764.89,2552.15,1467.86
,"Moscow, Russia",1454.04,786.41,2973.39,1484.6,10149.17,4646.07
,"Rio de Janeiro, Brazil",836.27,511.2,1279.38,713.75,3886.86,1488.17
,"Karachi, Pakistan",109.35,71.79,322.4,182.69,1024.45,474.22
,"Beirut, Lebanon",943.8,496.22,2212.73,1071.2,3975.56,1834.56
,"Fortaleza, Brazil",422.42,229.73,546.79,345.12,2638.72,1145.66
,"Tel Aviv-Yafo, Israel",2223.24,1648.78,3704.6,2737.75,20418.2,13446.13
,"Jerusalem, Israel",1893.69,1300.24,3818.04,1919.22,20318.6,9130.09
,"Split, Croatia",1024.96,755.25,2021.0,1354.75,7347.62,5076.12
,"Lisbon, Portugal",1620.49,1218.54,2884.3,2018.02,7838.63,4479.2
,"Tirana, Albania",847.91,492.06,1571.33,923.84,4453.47,2201.76
,"Hangzhou, China",619.9,387.78,1187.19,655.69,7726.69,3700.73
,"Yerevan, Armenia",902.56,649.13,1520.58,897.04,3469.53,1547.87
,"Santos, Brazil",528.95,412.38,962.39,684.93,2398.37,1736.07
,"Lahore, Pakistan",162.16,83.57,340.11,199.95,796.22,595.66
,"Milan, Italy",1738.66,1188.36,3534.41,2057.97,10751.25,5034.49
,"Belgrade, Serbia",841.57,576.32,1539.76,981.99,5512.45,3195.04
,"Recife, Brazil",506.66,256.39,876.19,612.01,1951.55,1047.76
,"Prague, Czech Republic",1141.69,981.36,2243.02,1581.63,9748.82,7180.84
,"Paris, France",1594.69,1179.08,3377.84,2190.93,14574.25,9943.66
,"Cairo, Egypt",221.7,198.25,537.36,344.02,828.2,531.64
,"Islamabad, Pakistan",272.39,139.47,590.05,276.33,1653.55,829.27
,"Baku, Azerbaijan",541.8,322.06,1029.41,531.67,2244.08,1329.93
,"Guadalajara, Mexico",886.31,513.04,1718.62,1037.87,3242.15,2032.34
,"Santiago, Chile",570.34,388.84,1067.75,799.07,2696.19,2631.91
,"Tunis, Tunisia",376.74,247.91,597.33,401.99,1494.98,771.93
,"Bogota, Colombia",734.83,423.95,1284.43,973.47,2879.16,2185.6
,"Curitiba, Brazil",494.5,286.67,783.29,523.42,2451.42,1753.64
,"Brno, Czech Republic",999.76,815.68,1545.28,1231.09,6525.84,5463.44
,"Saint Petersburg, Russia",767.34,451.7,1604.19,925.75,4364.49,2756.96
,"Cluj-Napoca, Romania",649.96,536.71,1177.53,842.28,4761.73,3470.21
,"Bratislava, Slovakia",1105.11,826.49,1849.54,1325.31,6456.6,4109.51
,"Monterrey, Mexico",1015.81,709.63,1944.01,1349.04,4343.33,2575.49
,"Delhi, India",273.35,155.33,709.34,383.81,2636.64,985.18
,"Rome, Italy",1206.68,873.73,2569.07,1736.07,8528.63,3245.53
,"Bishkek, Kyrgyzstan",591.59,408.13,1079.47,704.97,1778.75,1204.45
,"Merida, Mexico",672.65,477.43,1317.14,1021.56,2364.74,1305.74
,"Heraklion, Greece",643.73,499.35,1134.67,1003.93,3901.17,2831.68
,"Vienna, Austria",1333.2,963.4,2540.52,1625.4,14603.71,6164.12
,"Budapest, Hungary",852.3,657.01,1663.6,1247.7,5884.17,4054.29
,"Pristina, Kosovo (Disputed Territory)",395.98,287.74,672.14,506.28,2628.59,1478.54
,"Tbilisi, Georgia",672.81,447.95,1305.43,909.33,2408.89,1426.04
,"Lima, Peru",764.8,342.31,1248.07,653.96,2450.44,1385.44
,"Thessaloniki, Greece",625.88,489.35,1081.06,842.76,3893.28,2917.32
,"Ljubljana, Slovenia",1122.78,911.07,2112.34,1478.01,6617.46,4980.5
,"Nizhny Novgorod, Russia",581.23,410.08,873.04,604.96,3297.62,2052.11
,"Nanjing, China",548.52,296.47,1139.02,562.87,5048.32,3145.56
,"Mexico City, Mexico",1106.15,700.96,2468.38,1278.75,3875.24,2081.51
,"Gurgaon, India",316.35,171.49,874.43,467.14,2907.85,1646.34
,"Santo Domingo, Dominican Republic",728.39,354.06,1457.09,631.87,2232.79,1185.76
,"Athens, Greece",745.81,657.64,1332.34,1157.71,3928.64,3340.01
,"London, United Kingdom",2866.76,2287.9,5333.18,3716.18,18767.58,7997.02
,"Sao Paulo, Brazil",658.17,426.33,1403.37,949.49,2757.5,2073.8
,"Belo Horizonte, Brazil",572.37,292.68,864.87,586.25,2286.22,1087.86
,"Sarajevo, Bosnia And Herzegovina",464.95,317.44,1058.25,600.69,3371.81,2413.13
,"Porto, Portugal",1316.88,972.57,2299.42,1672.75,5239.33,3929.69
,"Porto Alegre, Brazil",470.34,274.58,787.21,452.93,1655.99,1269.19
,"Campinas, Brazil",424.9,290.38,946.22,668.26,2089.66,1223.26
,"Rijeka, Croatia",709.06,544.93,1210.32,892.51,4216.24,4013.53
,"Banja Luka, Bosnia And Herzegovina",470.94,315.55,710.5,494.06,2935.97,1917.0
,"Barcelona, Spain",1671.43,1304.91,2582.24,1903.01,7487.47,5186.93
,"Munich, Germany",1742.79,1296.82,3124.58,2354.41,13446.3,9107.05
,"Kaohsiung, Taiwan",408.65,281.67,984.69,680.74,4601.28,3176.12
,"Madrid, Spain",1531.33,1190.83,2817.28,1866.34,8974.42,4195.94
,"Zurich, Switzerland",3062.21,2426.45,6192.92,4154.28,27282.63,16252.35
,"Geneva, Switzerland",2811.74,2130.23,4804.1,3704.4,22193.42,15957.09
,"Sydney, Australia",2600.98,1804.81,5073.87,3100.16,13471.88,8392.07
,"Chisinau, Moldova",690.63,442.56,1248.93,814.29,2696.19,1952.49
,"Novi Sad, Serbia",501.51,409.72,993.34,784.94,3628.23,2697.63
,"Panama City, Panama",1315.0,912.89,2116.88,1464.17,3125.83,1697.58
,"Casablanca, Morocco",612.15,357.06,1103.66,643.06,2268.73,1285.91
,"Coimbatore, India",151.86,89.49,331.59,185.07,1359.36,618.9
,"Palma de Mallorca, Spain",1524.31,1090.57,2362.11,1845.45,6815.26,3817.5
,"Odessa (Odesa), Ukraine",346.03,186.79,606.75,375.86,1597.25,888.67
,"Skopje, North Macedonia",429.78,334.94,741.53,513.05,2726.14,1852.25
,"Patna, India",106.55,62.07,246.43,130.96,1267.93,502.97
,"Batumi, Ajara, Georgia",496.95,353.99,915.21,688.29,1745.84,1214.28
,"Stockholm, Sweden",1723.43,1078.29,3181.44,1859.03,11695.79,6734.59
,"Florence, Italy",1542.48,1021.65,2806.31,1831.46,6405.1,3943.03
,"Brasilia, Brazil",484.21,262.91,1129.62,565.84,2473.46,1723.24
,"Brasov, Romania",701.53,479.65,1325.19,1072.12,3193.3,2456.37
,"Bern, Switzerland",1886.14,1427.15,3553.09,2522.97,18816.2,15009.25
,"Craiova, Romania",521.75,399.42,906.98,620.64,2698.44,2029.7
,"New York, NY, United States",4437.81,3033.33,9242.19,5461.43,18759.46,6523.13
,"Bolzano-Bozen, Italy",972.53,877.48,1683.53,1548.58,7415.42,4904.48
,"Ulaanbaatar, Mongolia",581.83,444.5,1665.47,1001.46,1930.56,957.9
,"Sliema, Malta",1785.79,1240.76,2976.31,2429.51,5485.75,3615.72
,"Krakow (Cracow), Poland",940.26,760.04,1493.36,1156.09,5726.49,3657.82
,"Nis, Serbia",393.55,285.04,598.24,415.88,2583.82,1881.62
,"Buenos Aires, Argentina",749.39,542.94,1575.25,1281.7,2672.67,1871.33
,"Vilnius, Lithuania",842.88,627.99,1433.49,1026.59,6128.24,3387.36
,"Bhubaneswar, India",147.22,86.84,315.1,190.99,1214.65,522.36
,"Plzen, Czech Republic",744.19,710.79,955.14,939.62,5103.87,4160.44
,"Almaty, Kazakhstan",813.14,507.77,1484.43,926.24,2552.19,1519.64
,"Warsaw, Poland",1228.23,982.93,2163.97,1590.89,6200.33,3933.16
,"Lausanne, Switzerland",2287.69,1806.61,4304.24,3242.77,18406.86,14009.91
,"Constanta, Romania",616.35,487.8,1081.88,757.95,2540.25,2051.9
,"Qingdao, Shandong, China",350.49,197.62,754.01,419.26,3570.67,2142.4
,"Nairobi, Kenya",429.78,217.33,1134.96,503.87,1321.19,900.47
,"Adelaide, Australia",1748.23,1326.75,2482.09,1840.31,10222.25,7012.81
,"Podgorica, Montenegro",656.31,506.25,1321.86,988.28,3125.19,2336.43
,"Wroclaw, Poland",865.07,692.69,1430.41,1129.22,4683.17,3423.64
,"Basel, Switzerland",2065.9,1498.58,3597.92,2885.7,18241.09,14454.09
,"Valencia, Spain",1430.06,1057.73,2322.68,1686.76,5622.31,3283.77
,"Kiev (Kyiv), Ukraine",627.53,348.83,1331.17,646.19,2619.28,1126.11
,"Kosice, Slovakia",938.57,726.05,1753.82,1233.15,4038.19,2858.32
,"Florianopolis, Brazil",666.08,488.13,1327.8,1033.95,2831.14,1620.35
,"Dushanbe, Tajikistan",627.28,352.34,880.15,557.95,1295.35,703.89
,"Montevideo, Uruguay",737.29,584.54,1177.68,962.46,3461.35,1890.38
,"Chittagong, Bangladesh",126.48,61.2,260.22,165.15,797.33,469.37
,"Debrecen, Hungary",631.07,478.98,1213.81,951.85,3045.92,2674.62
,"Kolkata, India",149.36,92.74,393.05,197.73,1204.87,611.94
,"Nice, France",1135.3,862.57,2040.69,1748.23,7454.98,4227.36
,"Copenhagen, Denmark",1999.11,1458.68,3326.81,2345.67,11916.97,8591.21
,"Zagreb, Croatia",884.9,672.24,1484.35,1060.56,5190.52,3521.47
,"Rabat, Morocco",504.22,276.42,1060.01,709.15,2042.94,1191.52
,"Minsk, Belarus",565.25,379.56,993.41,705.69,2535.36,1659.95
,"Gdansk, Poland",1034.13,773.14,1678.86,1118.54,5474.99,3131.25
,"Sofia, Bulgaria",788.45,597.19,1556.63,1052.14,4465.84,3257.57
,"Chengdu, China",485.91,259.51,851.78,554.55,3772.4,1944.4
,"Sao Jose dos Campos, Brazil",482.66,348.06,954.55,643.69,2055.17,1448.89
,"Brighton, United Kingdom",1881.46,1483.15,2846.58,2234.7,8550.77,6225.23
,"Tokyo, Japan",1255.84,678.66,2473.88,1368.71,8727.49,4200.9
,"Burgas, Bulgaria",524.85,422.06,821.35,638.31,2568.99,1883.41
,"Helsinki, Finland",1250.54,921.82,2379.24,1765.0,9814.27,4394.72
,"Bucharest, Romania",697.9,464.75,1114.61,738.63,3897.52,2263.79
,"Varna, Bulgaria",632.22,477.69,1342.06,923.42,3244.65,2159.06
,"Canberra, Australia",1837.87,1547.44,3281.11,2057.78,11378.0,7511.64
,"Heidelberg, Germany",1331.63,998.83,2820.26,1901.11,8208.75,5126.25
,"Auckland, New Zealand",1289.94,1216.16,2254.68,1747.34,7469.54,5502.1
,"Iasi, Romania",550.96,435.81,900.66,685.97,2953.33,1940.32
,"Oradea, Romania",409.57,318.38,555.29,406.13,1998.55,1923.04
,"Malaga, Spain",1522.99,1109.84,2541.66,1672.75,5060.59,2953.0
,"Asuncion, Paraguay",611.96,370.03,1028.94,625.33,1746.67,1228.89
,"Wuhan, China",346.76,207.15,648.78,359.6,3123.75,1524.59
,"Chennai, India",178.33,101.51,496.33,304.52,1959.2,787.36
,"Bologna, Italy",1159.02,889.91,2129.99,1609.95,5178.86,3779.22
,"Berlin, Germany",1502.79,1136.33,2680.65,2110.06,8823.81,5619.32
,"Gold Coast, Australia",2434.98,1480.47,2860.98,2529.85,10354.17,7019.83
,"Quito, Ecuador",482.78,313.44,949.89,546.8,1758.6,709.76
,"Luxembourg, Luxembourg",2266.73,2028.85,3670.91,3107.35,12810.79,8515.42
,"Bordeaux, France",945.45,768.31,1774.69,1405.85,7106.05,4785.8
,"Oslo, Norway",2029.12,1531.63,2977.74,2350.19,11781.52,6872.67
,"Hamburg, Germany",1333.71,959.03,2314.82,1707.67,9717.48,5125.77
,"Vancouver, Canada",1779.45,1530.0,3144.83,2448.55,8239.45,6480.98
,"Mississauga, Canada",1700.38,1465.58,2486.41,2106.14,7322.21,5549.42
,"Guildford, United Kingdom",1903.81,1607.61,2921.95,2434.22,7513.9,6987.86
,"Chongqing, China",418.6,199.4,875.98,414.35,2705.41,1714.79
,"Toronto, Canada",1606.18,1440.84,2700.76,2155.41,8077.06,6747.88
,"Bilbao, Spain",1284.53,1063.02,2477.72,1743.16,5881.72,3740.9
,"Lugano, Switzerland",1712.88,1285.37,3501.75,2593.89,16069.29,10718.04
,"Honolulu, HI, United States",2913.33,1943.33,5032.5,3636.25,8845.41,7204.09
,"Queretaro (Santiago de Querétaro), Mexico",895.67,587.4,1561.12,880.56,2343.47,1314.12
,"Jinan, China",250.87,146.28,604.04,362.7,2471.3,1318.83
,"Dublin, Ireland",2490.02,2241.45,4493.35,3485.23,9248.7,5824.67
,"San Jose, Costa Rica",947.9,766.88,1887.82,1304.31,2281.02,1815.83
,"Puebla, Mexico",669.77,375.74,931.64,703.79,1717.38,960.19
,"Rimini, Italy",827.35,661.79,1067.59,917.56,4090.9,2376.53
,"Istanbul, Turkey",975.31,644.69,1921.81,1144.8,2992.96,1686.27
,"Naples, Italy",1004.79,691.41,1888.43,1133.5,4876.7,2205.66
,"Cuenca, Ecuador",500.0,383.11,690.0,582.22,1228.86,842.4
,"Antalya, Turkey",582.3,470.8,962.35,712.32,2115.86,1399.98
,"Timisoara, Romania",552.48,368.37,843.81,624.64,2577.3,1900.51
,"Cologne, Germany",1198.46,888.9,2397.79,1632.78,7869.62,5275.15
,"Dnipro, Ukraine",415.94,279.64,805.95,504.6,1195.32,768.26
,"Kuala Lumpur, Malaysia",605.04,367.78,1181.23,625.23,4067.32,1509.95
,"Xi'an, China",314.32,176.49,871.0,348.5,2386.31,1621.95
,"Kuwait City, Kuwait",929.03,638.51,1998.56,1341.94,5293.6,2378.15
,"Oxford, United Kingdom",2274.6,1692.65,3272.23,2580.54,8017.59,6820.79
,"Seville (Sevilla), Spain",949.33,685.27,1538.33,1102.99,4579.04,1997.59
,"Paphos, Cyprus",1120.4,999.08,2126.61,1908.45,4441.63,2545.25
,"Pisa, Italy",1055.79,806.31,1718.38,1322.21,3530.95,2889.89
,"Limassol, Cyprus",1690.75,1420.73,2715.36,2149.04,5653.89,4192.71
,"Amsterdam, Netherlands",2634.94,1951.45,3987.31,2975.83,10561.8,6904.31
,"Wellington, New Zealand",1236.2,1161.16,2178.82,1717.42,6741.94,3631.79
,"Dusseldorf, Germany",1096.13,903.69,2412.33,1694.44,9198.81,4878.37
,"Tallinn, Estonia",828.17,585.89,1524.31,979.34,4903.55,3267.0
,"Kaunas, Lithuania",656.41,467.63,965.21,664.3,3742.98,2443.12
,"Los Angeles, CA, United States",2589.45,2375.0,5206.58,4160.82,7420.13,7018.32
,"Poznan, Poland",802.71,611.21,1260.9,861.0,3619.41,2607.75
,"Marseille, France",895.63,651.08,1582.04,1348.19,5190.91,3649.05
,"Szczecin, Poland",632.85,502.35,1176.7,843.93,3369.71,2434.9
,"Haifa, Israel",1071.26,816.73,1670.81,1184.84,9627.69,6255.5
,"Turin, Italy",880.82,591.72,1537.93,1005.14,4790.82,2249.18
,"Penang, Malaysia",403.95,230.17,576.74,416.21,2200.02,1070.79
,"Tashkent, Uzbekistan",603.59,376.84,1194.8,730.59,1651.21,950.97
,"Brisbane, Australia",1994.16,1407.03,3447.28,2404.33,8370.76,6189.31
,"Riga, Latvia",590.64,392.61,1173.21,735.98,3124.5,2196.84
,"Espoo, Finland",1090.43,920.15,2225.1,1726.03,7066.64,4384.54
,"Lyon, France",873.59,685.77,1838.31,1285.17,6552.24,4053.29
,"Waterloo, Canada",1417.68,1159.22,2165.85,1848.84,5237.11,4927.43
,"Amman, Jordan",463.25,244.77,764.2,420.78,1615.59,1019.28
,"Lodz, Poland",615.03,473.61,1103.18,844.42,3225.72,2436.64
,"Braga, Portugal",934.76,754.28,1428.53,1094.79,2540.57,1912.39
,"Cambridge, United Kingdom",2085.61,1755.83,3201.29,2650.38,9073.64,5837.73
,"Boston, MA, United States",3356.75,2612.14,5959.8,3914.45,13709.79,6471.82
,"Plovdiv, Bulgaria",544.05,391.18,898.03,670.0,2306.9,1577.78
,"Patras, Greece",497.07,421.07,801.55,711.49,2084.21,1790.58
,"Perth, Australia",1942.59,1662.83,2816.61,2199.41,8446.1,5956.99
,"Jaipur, India",204.8,89.96,407.52,225.18,830.81,446.62
,"Toulouse, France",899.83,671.38,1465.32,1093.9,6525.63,3349.35
,"Bangalore, India",314.56,181.6,809.81,492.19,1851.16,1015.23
,"Alicante, Spain",1014.38,844.59,1757.11,1558.57,4285.13,2073.69
,"Karlsruhe, Germany",985.81,863.49,1914.43,1349.23,6703.18,3860.81
,"Haarlem, Netherlands",1991.41,1725.4,2950.14,2361.0,7795.65,5862.52
,"Padova, Italy",1114.17,830.47,1812.62,1301.66,4070.9,2265.87
,"Edinburgh, United Kingdom",1602.35,1192.72,2778.02,2128.28,6615.43,4629.35
,"Melbourne, Australia",1725.16,1419.8,3440.76,2524.01,7240.99,6742.65
,"Linz, Austria",832.19,732.66,1569.98,1444.39,5600.56,3577.85
,"Bristol, United Kingdom",1925.13,1458.76,3115.57,2307.12,6857.8,5226.12
,"Montpellier, France",907.01,746.51,1528.98,1196.36,5117.03,3703.74
,"Cagliari, Italy",871.58,650.7,1389.2,1046.66,3295.04,2385.17
,"Surat, India",219.17,499.3,378.52,201.67,656.9,311.51
,"Astana (Nur-Sultan), Kazakhstan",566.57,393.77,1144.53,774.21,1554.56,1138.44
,"Dubai, United Arab Emirates",2396.19,1499.48,4513.8,2954.39,7018.93,3973.32
,"Nuremberg, Germany",914.46,652.2,1760.52,1406.96,7241.0,3793.17
,"Harare, Zimbabwe",405.56,316.6,838.89,748.89,926.21,391.32
,"Reykjavik, Iceland",2508.96,2051.54,3468.81,2747.3,8064.89,6379.14
,"Kharkiv, Ukraine",241.84,145.19,512.49,208.36,1062.18,574.43
,"Bari, Italy",913.45,653.97,1639.31,1129.08,3833.92,2075.8
,"Groningen, Netherlands",1353.61,935.94,1936.92,1432.97,5396.41,3974.9
,"Trieste, Italy",830.66,671.76,1388.11,1037.52,3749.47,2189.35
,"Larnaca, Cyprus",934.25,696.5,1684.16,1249.64,3800.7,2031.93
,"Maribor, Slovenia",572.33,481.52,1041.9,748.37,3240.38,2446.94
,"Victoria, Canada",1543.44,1315.02,2733.86,2330.48,5230.79,4413.54
,"San Diego, CA, United States",3344.71,2382.86,5455.33,4419.67,8093.34,6580.44
,"Christchurch, New Zealand",1219.04,986.0,1584.43,1493.95,5145.42,2773.33
,"San Francisco, CA, United States",3816.32,2647.76,5976.67,4849.23,10205.43,8999.92
,"Frankfurt, Germany",1326.85,1141.7,2772.05,1963.91,8105.64,4339.88
,"San Jose, CA, United States",3085.56,2630.0,4787.5,4108.89,8891.5,9063.14
,"Graz, Austria",823.47,697.87,1453.52,1166.36,6047.86,3279.9
,"Eindhoven, Netherlands",1743.89,1475.57,2719.58,2112.34,6548.51,4962.42
,"Tampere, Finland",983.38,768.72,1811.76,1316.01,4868.45,3303.08
,"Brescia, Italy",949.98,770.02,1931.41,1394.76,3479.37,2252.42
,"Nicosia, Cyprus",822.29,710.46,1741.89,1357.48,3155.27,2331.36
,"Aarhus, Denmark",1312.9,992.14,2308.09,1796.24,7767.22,5337.11
,"Klaipeda, Lithuania",593.74,377.56,977.01,689.65,2627.59,1836.03
,"Montreal, Canada",1235.45,984.1,2143.37,1620.16,4905.33,3687.14
,"Katowice, Poland",708.27,525.23,1023.93,851.09,2963.45,1977.3
,"Nottingham, United Kingdom",1193.36,974.02,1960.35,1425.57,4115.23,4855.14
,"Bremen, Germany",895.4,635.47,1644.2,1208.03,5191.56,4242.57
,"Dallas, TX, United States",1784.17,1415.77,3769.0,2389.0,9410.0,3181.49
,"Strasbourg, France",1014.43,736.59,1860.43,1171.78,5386.95,3079.4
,"Stuttgart, Germany",1276.85,837.63,1934.32,1542.48,6965.44,4373.82
,"Utrecht, Netherlands",1915.95,1515.49,3283.33,2286.15,7184.6,4916.8
,"Villach, Austria",833.33,738.37,1266.07,1181.77,4530.83,3306.37
,"Modena, Italy",862.7,673.95,1726.98,1383.49,3601.68,2222.23
,"Gothenburg, Sweden",1045.91,931.55,1813.55,1409.16,6277.67,3504.75
,"Pune, India",253.55,167.88,649.24,408.26,2192.77,1000.89
,"Bergen, Norway",1481.96,1100.78,2347.51,1717.41,7779.32,4865.34
,"Trondheim, Norway",1475.77,1196.91,2215.63,1681.07,6489.3,5048.93
,"Abu Dhabi, United Arab Emirates",1966.55,1380.3,3941.11,2736.84,4964.68,2853.16
,"Brussels, Belgium",1380.87,1182.59,2517.16,2053.41,5126.74,3939.59
,"Manchester, United Kingdom",1802.87,1254.11,3042.48,1986.4,4606.84,4433.92
,"Muscat, Oman",671.01,454.62,1355.02,842.14,2840.65,1621.31
,"Ankara, Turkey",737.63,546.23,1157.46,873.08,1709.76,1153.49
,"Turku, Finland",819.25,667.77,1463.42,1162.36,4304.61,2854.52
,"Oakland, CA, United States",2375.71,2020.0,4312.0,3800.0,7890.25,5835.88
,"The Hague (Den Haag), Netherlands",1669.89,1313.08,2825.45,2322.02,6286.23,4570.99
,"Quebec City, Canada",1002.84,772.18,1542.94,1281.38,5133.68,2752.54
,"Lille, France",937.42,733.69,1580.26,1171.49,4502.18,3112.15
,"Mannheim, Germany",917.51,745.98,1535.73,1362.94,5709.49,4042.0
,"Miami, FL, United States",2785.56,2170.67,6060.83,3969.17,7146.75,3640.93
,"Ahmedabad, India",194.01,117.35,447.54,269.19,847.27,548.06
,"Vigo, Spain",915.35,694.6,1425.36,961.02,3081.14,1845.3
,"Bergamo, Italy",744.05,594.22,1370.17,933.82,3585.03,2576.3
,"Oviedo, Spain",952.27,693.5,1537.63,1145.23,2978.76,1838.74
,"Dresden, Germany",779.4,505.59,1616.8,1013.09,5077.23,2683.25
,"Antwerp, Belgium",1052.66,843.8,1664.5,1370.17,4517.65,3120.15
,"Zaragoza (Saragossa), Spain",828.1,723.14,1296.77,1037.14,3229.03,1959.82
,"Kitchener, Canada",1343.75,1266.15,1998.59,1727.47,3913.24,3508.7
,"Fethiye, Turkey",734.58,532.38,1023.81,739.7,2112.88,1309.19
,"Cape Town, South Africa",1046.25,724.68,1864.78,1366.27,2422.46,1548.65
,"Kiel, Germany",726.76,648.97,1510.99,1047.61,5351.96,2851.78
,"Vadodara, India",145.54,76.07,300.67,205.59,761.25,496.63
,"Hanover, Germany",979.1,748.74,1628.98,1272.4,4272.37,3273.84
,"London, Canada",1273.89,1151.94,2062.94,1691.08,3475.94,3628.73
,"Rotterdam, Netherlands",1914.43,1553.9,3184.37,2317.87,6056.14,4053.67
,"Boise, ID, United States",1615.3,1281.33,2441.11,1852.89,7300.0,3066.0
,"Ottawa, Canada",1496.34,1235.4,2271.12,1889.05,4347.48,4513.89
,"Reggio Nell'emilia, Italy",700.91,586.7,1071.4,926.96,2484.19,2176.82
,"Riyadh, Saudi Arabia",1178.46,830.72,2183.31,1233.25,2963.24,1934.8
,"Noida, India",216.01,139.81,504.35,317.27,1479.39,689.49
,"Stara Zagora, Bulgaria",300.54,257.7,505.52,403.46,1487.83,1079.16
,"Kelowna, Canada",1314.57,1183.47,2260.08,1965.15,3918.15,3216.39
,"Leipzig, Germany",797.4,597.55,1848.59,1207.43,5109.3,2347.82
,"Stavanger, Norway",1690.74,1374.59,2747.12,2041.54,6183.62,5356.72
,"Grenoble, France",839.66,647.4,1462.94,1039.37,3943.75,2570.7
,"Erlangen, Germany",817.82,635.13,1791.21,1387.3,6298.64,4053.41
,"Genoa, Italy",877.36,609.22,1450.09,944.27,3671.2,1170.71
,"Malmo, Sweden",1030.37,807.69,1716.98,1363.08,4091.8,3208.62
,"Nanaimo, BC, Canada",1394.61,1147.39,2106.7,1747.34,3819.71,3437.74
,"Aachen, Germany",842.65,589.17,1517.56,1062.14,4574.07,3571.15
,"Izmir, Turkey",609.56,430.85,1148.37,803.29,1501.14,1028.51
,"Nashville, TN, United States",1932.44,1398.22,4358.57,2465.0,7910.0,2687.0
,"Leeds, United Kingdom",1260.27,930.09,2358.85,1606.56,3763.23,3509.7
,"Halifax, Canada",1475.96,1269.39,2473.99,1956.33,3232.04,2807.3
,"Las Vegas, NV, United States",1608.07,1461.54,2472.8,2301.92,5208.26,2780.98
,"Denver, CO, United States",2026.54,1678.08,3232.0,2712.55,5653.09,3745.54
,"Birmingham, United Kingdom",1397.72,1106.04,2254.65,1695.97,5413.82,4176.75
,"Calgary, Canada",1242.46,1020.23,1923.36,1696.02,3527.82,3344.01
,"Glasgow, United Kingdom",1349.57,1042.99,2703.89,1977.53,4091.24,3059.41
,"Jersey City, NJ, United States",3546.0,2260.0,5613.33,3240.0,7828.5,5509.5
,"Catania, Italy",611.5,371.74,1112.12,761.39,2317.84,1552.86
,"Fort Lauderdale, FL, United States",2536.0,2032.0,4723.38,3490.12,5510.54,4169.2
,"Austin, TX, United States",1924.0,1288.33,3703.33,2601.43,7325.91,3201.18
,"Saskatoon, Canada",1018.85,894.96,1736.17,1411.96,2845.69,2782.02
,"Cork, Ireland",2203.69,1847.06,3327.68,2856.42,4972.57,3153.24
,"Belfast, United Kingdom",1168.69,921.07,1933.19,1387.82,4153.61,2527.34
,"Udine, Italy",718.77,582.48,1284.53,952.46,2333.49,1624.18
,"Seattle, WA, United States",2454.06,1955.8,4800.0,3573.53,7453.96,5036.35
,"Doha, Qatar",1960.32,1206.19,3464.98,2322.17,4108.91,2421.41
,"Liverpool, United Kingdom",1184.26,832.54,2108.33,1264.26,3790.71,2608.62
,"Knoxville, TN, United States",1788.75,1267.5,2915.71,2152.62,4743.9,2222.85
,"Manama, Bahrain",993.8,645.62,2059.97,1378.77,2617.57,1959.87
,"Tarragona, Spain",930.41,802.69,1268.83,1206.89,2756.65,1328.3
,"Saarbrucken, Germany",629.71,523.33,1176.63,960.64,3273.69,2292.47
,"Phoenix, AZ, United States",1764.38,1435.0,3259.09,2204.15,4708.6,3110.8
,"Winnipeg, Canada",963.0,974.12,1635.21,1581.11,2354.36,2428.17
,"Washington, DC, United States",2688.12,2196.36,5286.15,4446.0,8393.91,3618.93
,"Sacramento, CA, United States",2097.78,1559.09,3289.58,2570.0,4765.52,3487.26
,"Hyderabad, India",235.58,133.79,621.15,328.92,1368.79,755.81
,"Charleston, SC, United States",2324.88,1708.67,3552.5,2623.33,5571.58,3040.19
,"Moncton, Canada",1031.76,804.36,1618.77,1330.14,2207.79,2087.47
,"Jeddah (Jiddah), Saudi Arabia",765.92,530.18,1353.47,846.21,1742.5,1147.24
,"Odense, Denmark",1004.19,727.52,1571.54,1255.54,4502.29,2245.65
,"Ann Arbor, MI, United States",2055.33,1388.12,3867.5,2697.5,5526.9,2565.78
,"Arlington, VA, United States",2457.78,1994.29,4860.0,3626.67,6257.41,4948.48
,"Salt Lake City, UT, United States",1640.9,1372.73,2878.0,2137.78,4159.58,2918.2
,"New Orleans, LA, United States",1852.5,1197.78,3053.33,2027.62,5200.75,1379.0
,"Reno, NV, United States",1928.33,1390.8,3096.0,2163.0,3336.0,3601.12
,"Madison, WI, United States",1771.88,1521.43,3208.0,2578.89,4450.0,2513.5
,"Aberdeen, United Kingdom",831.96,785.87,1547.84,1654.74,2287.9,3445.16
,"Regina, Canada",1050.75,830.38,1767.22,1533.01,2130.44,2084.61
,"Portland, OR, United States",2036.19,1585.64,3476.08,2738.38,3896.4,3372.32
,"Tampa, FL, United States",2322.73,1675.0,3929.11,2944.44,5435.16,2180.37
,"Charlotte, NC, United States",1898.22,1371.75,3446.0,2326.55,4270.0,2445.11
,"Detroit, MI, United States",1520.0,922.33,2833.33,1701.56,4030.0,1284.11
,"Birmingham, AL, United States",1706.33,1224.5,2971.67,2121.5,2975.88,1873.56
,"San Antonio, TX, United States",1514.17,1062.45,2908.89,1982.0,4450.93,1824.8
,"Anchorage, AK, United States",1760.0,1383.57,2856.67,2441.67,4020.73,2816.0
,"Tucson, AZ, United States",1401.85,1087.6,2189.22,1680.25,3402.17,2541.33
,"Raleigh, NC, United States",1728.0,1281.2,3082.5,2012.0,3904.71,2186.78
,"Columbus, OH, United States",1538.78,1102.89,2353.75,1853.33,3440.0,1775.5
,"Chicago, IL, United States",2400.0,1679.31,4609.38,2762.2,4094.16,2696.73
,"Minneapolis, MN, United States",1778.29,1284.29,2808.9,2143.44,3395.59,2174.56
,"Spokane, WA, United States",1628.33,1290.0,2658.33,2116.67,3391.25,2296.25
,"Cincinnati, OH, United States",1612.67,1064.89,3160.0,1845.78,3447.56,2103.33
,"Buffalo, NY, United States",1685.62,1102.22,2346.25,1610.0,3065.0,1727.28
,"Fort Worth, TX, United States",1655.0,1313.43,2767.14,2217.5,4109.17,1825.62
,"Philadelphia, PA, United States",1971.19,1354.15,4102.73,2208.89,4085.78,1880.67
,"Orlando, FL, United States",1961.86,1575.71,3164.44,2605.45,3087.39,2770.87
,"Atlanta, GA, United States",2053.64,1506.5,3499.5,2170.45,3893.59,2624.64
,"Richmond, VA, United States",1684.75,1500.0,2534.5,2505.0,3163.98,2404.89
,"Olympia, WA, United States",1713.0,1605.0,3178.0,2382.0,3194.63,3028.19
,"Gainesville, FL, United States",1664.83,1298.67,2776.67,2248.33,2406.78,2225.96
,"Pittsburgh, PA, United States",1570.0,1126.2,2481.25,1753.83,3169.77,2032.16
,"Albuquerque, NM, United States",1167.38,1117.78,2300.0,1976.25,2495.21,2240.94
,"Edmonton, Canada",1092.45,912.1,1732.52,1432.46,2249.12,2070.28
,"Durban, South Africa",477.99,377.88,826.74,783.29,908.11,593.2
,"Kansas City, MO, United States",1395.0,1056.67,2698.75,1728.0,2586.89,1923.33
,"Jacksonville, FL, United States",1626.67,1100.56,2598.5,2005.0,2408.22,2107.41
,"Pretoria, South Africa",465.27,414.96,989.49,769.98,899.49,712.49
,"Louisville, KY, United States",1556.5,998.43,1962.5,1929.67,2700.0,1810.0
,"Oklahoma City, OK, United States",1286.5,1041.14,2280.0,1578.57,2460.68,1716.01
,"Baltimore, MD, United States",1760.0,1093.33,2331.0,2086.67,2499.12,2322.86
,"Indianapolis, IN, United States",1720.0,1350.0,2676.78,1976.11,2775.38,1886.46
,"Johannesburg, South Africa",515.85,433.36,1040.09,892.17,1002.35,760.34
,"Omaha, NE, United States",1459.67,1131.89,3039.22,1990.5,1909.2,1844.71
,"Houston, TX, United States",1700.27,1434.25,3097.44,2214.46,2378.53,1833.0
,"Greenville, SC, United States",1718.0,1234.0,2580.0,2104.43,2004.4,2004.4
,"Cleveland, OH, United States",1588.89,1026.22,2850.0,1782.22,1663.63,1594.69
,"Memphis, TN, United States",1476.67,1178.43,2061.67,1865.0,1780.5,1357.69
,"Wichita, KS, United States",1004.33,769.86,1593.0,1303.5,1540.48,1481.96
,"Saint Louis, MO, United States",1509.33,936.38,2086.25,1694.29,1388.5,1849.25
